Country,CountryName,FDI,ELECTRICITY,RENEWABLE_ENERGY,CO2,CPI,CELL_PHONES,INTERNET,EXPORTS,IMPORTS,GDP,FEMALE_MORTALITY,MALE_MORTALITY,BIRTH,DEATH,INFANT_MORTALITY,LIFE_EXP,FERTILITY,POPULATION,URBAN_POP
ABW,Aruba,7.568159848,93.35629215,5.464715906,24.67052887,2.07773902,129.636369,62,61.50244839,74.81634252,24271.94042,76.722,123.598,11.26,7.919,18.79029479,75.016,1.776,0.212680144,43.059
AFG,Afghanistan,0.340096813,42.7,14.83980596,0.293836994,0.892536936,35.46776644,4,10.02384975,44.94347835,553.3002894,228.971,271.299,39.232,8.095,65.7,61.226,5.816,2.812616959,24.689
AGO,Angola,-3.913150783,33.5149498,54.19383662,1.243405585,14.4705412,40.23840253,2.8,62.387739,42.94996785,3529.053482,233.617,306.825,45.314,10.45,75.4,58.192,6.162,3.570098638,40.097
ALB,Albania,9.137790485,100,37.11532977,1.578573584,3.789836348,91.56092875,45,27.97947124,48.56400031,4094.358832,55.601,92.752,11.819,6.776,14.8,76.652,1.653,-0.496461963,52.163
ARE,United Arab Emirates,3.034620045,100,0.108121925,19.44369027,0.878936756,132.1053857,68,77.71303524,79.03289118,35049.14832,61.349,87.243,11.656,1.474,7.3,76.344,1.869,7.587098323,84.055
ARG,Argentina,2.675161719,98.82,8.961445952,4.558499612,10.78011543,138.4689785,45,18.93382341,16.03718986,10276.2605,79.04,161.41,18.154,7.637,12.9,75.595,2.37,1.035037143,90.966
ARM,Armenia,5.716037845,99.8,9.359817006,1.465621895,8.181575544,134.3391104,25,20.83009472,45.31719197,3218.381655,83.191,189.182,15.065,9.757,16.2,73.331,1.693,-0.391023921,63.58
ATG,Antigua and Barbuda,8.388876539,94.24700928,0,5.539567509,3.370025402,177.4437202,47,45.45318401,58.91089871,12174.69786,113.97,161.646,17.308,5.941,7.4,75.412,2.13,1.147471712,26.239
AUS,Australia,3.080886285,100,8.109027293,17.74084505,2.845225682,101.7176081,76,19.43371447,20.40480675,51874.08048,45.705,78.636,13.7,6.5,4,81.69512195,1.928,1.555489589,88.733
AUT,Austria,-5.615209099,100,30.65921657,8.071131802,1.813535031,145.5537959,75.17,51.26216033,47.75763591,46858.04327,48.679,100.294,9.4,9.2,3.5,80.5804878,1.44,0.2403943,65.852
AZE,Azerbaijan,6.338044724,99.96567535,4.449734285,3.388225879,5.667923129,100.7490321,46,54.30472154,20.68126693,5842.805784,89.375,182.472,18.3,5.9,34.1,70.987,1.92,1.189787708,53.401
BDI,Burundi,0.038511801,5.3,96.75782464,0.024260032,6.401249024,19.14044027,1,8.916642614,39.17905362,231.1943256,292.259,347.666,43.736,12.319,60.9,54.861,6.256,3.221182855,10.641
BEL,Belgium,23.05670402,100,5.837391476,10.17146522,2.189218922,111.110074,75,76.44845734,74.65171918,44380.17663,59.248,102.017,11.9,9.7,3.7,80.18292683,1.86,0.913639392,97.641
BEN,Benin,0.766902232,34.2,48.1172541,0.553283259,2.307356822,76.90743352,3.13,23.78772956,37.20526041,757.6959074,231.638,278.869,39.278,10.093,70.8,59.319,5.362,2.806108844,41.854
BFA,Burkina Faso,0.432438272,13.1,81.45402374,0.125717252,-0.764230735,36.57655001,2.4,19.22674197,29.64008894,575.4464527,265.826,296.047,42.314,10.645,66.2,57.096,5.868,3.019244688,25.665
BGD,Bangladesh,1.068934861,55.26,41.05084179,0.393936699,8.126676392,44.64297594,3.7,16.02411269,21.77872999,757.6717572,123.372,159.417,21.224,5.614,39.1,70.198,2.328,1.119887888,30.462
BGR,Bulgaria,3.641372982,100,14.3675278,5.964900206,2.438990605,137.7516108,46.23,50.17895111,53.02843365,6843.263289,88.259,196.963,10.2,14.9,9.1,73.51219512,1.57,-0.658275447,72.302
BHR,Bahrain,0.605800046,100,0,23.5854809,1.961884683,126.2831806,55,69.53731774,50.93507678,20722.10389,63.193,79.231,16.544,2.326,7.3,76.056,2.164,4.603905253,88.535
BHS,"Bahamas, The",11.02364096,99.56098938,1.65566802,4.583343495,1.344027384,118.7192378,43,40.74589128,49.2414665,21921.55906,126.411,209.197,15.323,5.895,11.3,74.761,1.865,1.670040267,82.549
BIH,Bosnia and Herzegovina,2.583954458,99.85575867,19.56884689,5.716134832,2.188537852,83.56160151,42.75,29.69554093,51.27267139,4614.829041,69.581,136.382,9.19,9.922,6,75.905,1.306,-0.655462608,39.226
BLR,Belarus,2.435056533,100,7.016370184,6.64269666,7.735748043,109.0765603,31.8,51.37288535,64.54508764,6029.3968,112.172,334.251,11.4,14.4,4.2,70.40487805,1.494,-0.170360662,74.615
BLZ,Belize,6.903510741,89.91722437,33.7103437,1.676105694,0.917977379,60.38438099,28.2,58.21243078,57.47189679,4344.150177,137.038,226.13,23.66,5.209,16.1,69.676,2.715,2.416656693,44.963
BMU,Bermuda,3.876992081,100,2.39176852,9.347122413,3.859509098,137.9073113,84.21,47.08311413,30.18607294,88207.32756,99.86486811,187.8802613,11.8,7.3,19.1,79.28853659,1.76,-0.780059723,100
BOL,Bolivia,3.165443564,84.29481506,20.0699703,1.532870644,2.501767027,72.3847331,22.4,41.18745607,34.32417047,1981.160705,169.011,232.066,25.502,7.914,36.5,66.408,3.2,1.621157434,66.426
BRA,Brazil,4.004401044,98.88305664,47.00666157,2.132937571,5.038316946,100.0679429,40.65,10.73817369,11.77920798,11224.15408,102.251,207.604,15.492,5.873,17.7,73.838,1.805,0.970296367,84.335
BRB,Barbados,14.99058925,100,9.031334484,5.285997375,5.824218533,125.2145266,65.1,39.52125335,48.73197136,15959.02979,80.64,132.75,12.48,10.321,13.1,74.973,1.781,0.39387979,32.06
BRN,Brunei Darussalam,3.507036879,100,0,21.10594553,0.356869132,111.9492001,53,67.41037988,27.96147673,35268.10117,76.142,107.749,16.553,3.196,8.8,76.719,1.838,1.266144506,75.51
BTN,Bhutan,4.747733399,73.28291087,90.89041792,0.67026322,7.036383161,54.19100903,13.6,42.45279115,70.73120267,2178.921383,231.151,223.534,20.58,6.239,34.4,67.79,2.382,1.828358142,34.793
BWA,Botswana,1.707877432,47.79311371,30.18609325,2.325924404,6.948876587,117.298669,6,43.63546441,51.26433191,6346.156204,300.88,423.03,25.286,9.33,40.1,59.868,2.884,1.751544498,56.235
CAF,Central African Republic,3.097660631,9.8,79.81060354,0.059350908,1.493233784,22.01250976,2,11.80726021,26.50980332,446.4434494,463.91,484.22,37.981,16.572,101.3,47.56,5.215,1.000713781,38.828
CAN,Canada,1.841558834,100,22.08098938,15.723167,1.776871541,75.58210932,80.3,29.07195642,30.98877285,47447.47602,52.65,85.408,11.1,7.1,4.9,81.19756098,1.6269,1.113959721,80.937
CHE,Switzerland,3.02693574,100,21.46036384,4.983428945,0.698510114,123.1383135,83.9,63.9656691,53.2865076,74605.72102,42.582,71.01,10.3,8,3.9,82.24634146,1.52,1.041558058,73.663
CHL,Chile,7.391569308,99.38864136,27.04274094,4.251715171,1.409964751,116.8235653,45,37.74511254,31.31860345,12860.17764,70.405,120.986,14.466,5.777,7.5,78.454,1.879,0.969247387,88.586
CHN,China,3.994731929,99.7,12.88431031,6.560520007,3.325774987,63.17336105,34.3,26.26741407,22.6218853,4560.512586,73.627,100.468,11.9,7.11,13.5,75.236,1.59,0.482959689,49.226
CIV,Cote d'Ivoire,1.439124099,57.96392822,75.37014337,0.341512032,1.226456121,76.46091326,2.7,50.63264302,43.3267912,1219.749096,403.948,436.395,38.203,14.225,78.4,50.423,5.269,2.305464264,50.557
CMR,Cameroon,2.049213283,52.8793602,78.60423417,0.33951502,1.275380462,43.24706023,4.3,22.17214409,26.95171122,1309.122208,345.146,379.897,39.307,11.66,68.3,55.424,5.111,2.730690231,51.516
COD,"Congo, Dem. Rep.",13.36189577,12.84067059,96.82782153,0.031314551,7.1,18.31951369,0.72,43.49996953,48.43625438,318.0757516,257.971,307.113,44.856,11.588,84.5,56.907,6.544,3.330935958,39.937
COG,"Congo, Rep.",12.66455723,42.51591492,55.14974864,0.451406105,0.425560659,84.77338168,5,85.11967006,54.69792897,2737.34233,292.894,323.236,38.022,9.288,44.1,60.473,4.948,3.078362675,63.228
COL,Colombia,2.24019686,96.788995,27.93153502,1.658923082,2.278220158,96.8630146,36.5,15.93598373,17.76486262,6250.654926,94.752,200.607,17.079,5.665,15.9,73.325,2.01,1.099085827,75.036
COM,Comoros,1.572548096,63.12582016,46.40799751,0.233942107,3.354757703,23.96403032,5.1,16.48142533,51.67938449,769.1742883,217.968,268.538,35.209,8.244,64.5,61.862,4.754,2.412541877,27.918
CPV,Cabo Verde,6.981903001,81.1,21.73605211,1.109478009,2.078664709,74.0212666,30,32.67031804,61.76802793,3312.825985,111.383,155.338,22.898,5.733,22.3,71.941,2.666,1.084919087,61.833
CRI,Costa Rica,5.116698743,98.995734,42.31125269,1.665175303,5.660230651,68.82682695,36.5,33.17295769,35.04561836,8199.414621,63.716,120.44,15.84,4.587,8.8,78.756,1.922,1.262356468,71.734
CUB,Cuba,3.032455396,99.96389771,13.15763195,3.386127443,3.859509098,8.850352831,15.9,22.57026489,17.72167641,5676.141403,74.922,114.85,11.042,7.258,4.7,78.959,1.639,0.127575696,76.597
CZE,Czech Republic,4.900684091,100,10.91771998,10.65257862,1.408717924,122.7576776,68.82,66.02952103,62.93755603,19808.07109,60.311,135.5,11.2,10.2,2.7,77.42439024,1.51,0.291361674,73.255
DEU,Germany,2.518329046,100,10.29351964,9.279634012,1.103808561,109.2777489,82,42.25037402,37.0527042,41785.55691,53.274,101.932,8.3,10.5,3.5,79.98780488,1.39,-0.153198447,74.291
DJI,Djibouti,3.234153297,53.30377197,34.43334712,0.607471574,3.950078759,19.45764886,6.5,31.79245291,30.6580141,1325.990724,249.306,295.183,25.193,8.896,62.5,60.383,3.301,1.695078341,76.996
DMA,Dominica,4.92922278,94.84715271,8.910212018,1.950531915,3.20744344,147.7701568,47.45,35.56843079,53.56533613,6912.435714,98.6988369,185.4704065,13.05991041,8.230683091,20,74.22200287,2.190586012,0.295789771,68.094
DNK,Denmark,-3.654668278,100,21.35483646,8.40721667,2.297730121,115.5890246,88.72,50.52293688,43.57704291,58041.41122,62.964,104.779,11.4,9.8,3.4,79.1,1.87,0.444197155,86.795
DOM,Dominican Republic,3.373578357,98.145414,16.97540917,2.123958664,6.329932201,89.84437742,31.4,22.64958155,33.25758452,5451.06696,125.992,212.865,22.205,6.006,28.3,72.702,2.597,1.324423934,73.752
DZA,Algeria,1.42696365,98.88497162,0.258071762,3.299703688,3.913043478,90.75943977,12.5,38.44454785,31.42211391,4463.394675,91.882,116.385,24.762,4.754,23.5,74.676,2.889,1.821358159,67.526
ECU,Ecuador,0.238455101,97.462142,12.1066394,2.441361756,3.556123806,98.96911151,29.03,27.89495597,32.40828274,4657.302361,93.17,174.406,21.898,5.175,21.2,75.046,2.656,1.643291468,62.69
EGY,"Egypt, Arab Rep.",2.91728671,99.64969635,5.724101953,2.41019138,11.26518827,84.01262188,21.6,21.34924581,26.58710426,2602.479549,122.203,198.319,27.093,6.206,24.3,70.357,3.185,1.972277516,43.019
ERI,Eritrea,4.298455436,39.74018097,81.24659878,0.11692068,4.257415985,4.219579853,0.61,4.789012237,23.34531064,482.1490904,253.632,325.122,35.889,8.288,39.1,62.181,4.605,1.850515743,20.572
ESP,Spain,2.865295766,100,14.39578579,5.816416366,1.79988133,109.8331304,65.8,25.51929579,26.82427713,30736.62785,40.92,89.007,10.4,8.2,3.1,81.62682927,1.37,0.460408305,78.442
EST,Estonia,13.3026104,100,25.12989194,13.59968907,2.975580329,124.0752585,74.1,75.07823021,68.72192133,14638.60482,67.783,203.142,11.9,11.9,3.6,75.42926829,1.72,-0.228057969,68.094
ETH,Ethiopia,0.963030625,25.0334053,94.51739029,0.07509386,8.136941131,7.815041435,0.75,31.79245291,30.6580141,341.3099092,242.618,290.016,34.831,8.388,53.7,61.625,4.924,2.641594477,17.319
FIN,Finland,4.933997863,100,33.58206418,11.57528165,1.210357625,156.361179,86.89,38.67771245,37.4120791,46202.41516,53.644,120.376,11.4,9.5,2.5,79.87073171,1.87,0.457494535,83.558
FJI,Fiji,11.34073048,89.54928589,29.61248725,1.419979069,3.680014831,81.15820687,20,57.83775918,63.89309569,3651.966784,148.514,245.086,21.574,6.632,20.4,69.267,2.669,0.932645434,51.828
FRA,France,1.469675805,100,11.8458733,5.428980862,1.529639382,91.68330775,77.28,26.04322983,27.9252092,40703.34592,53.63,115.614,12.9,8.5,3.5,81.66341463,2.03,0.49402977,78.345
GAB,Gabon,3.47527276,84.92988586,85.88337354,2.933224404,1.461544027,98.15816267,13,57.66349241,31.49417484,8754.113922,269.404,283.415,31.859,9.159,41.7,62.893,4.083,3.313386234,85.697
GBR,United Kingdom,2.733707955,100,3.638918262,7.857836486,3.285714286,121.2030538,85,28.21409515,30.81986762,38893.01849,57.424,91.091,12.9,8.9,4.4,80.40243902,1.92,0.783888647,81.302
GEO,Georgia,7.467567942,99.49563599,39.14857299,1.608398879,7.110178975,94.01135866,26.9,34.95113295,52.76446431,2964.477034,80.263,225.605,14.231,12.476,14.7,72.649,1.918,-1.315808458,52.869
GHA,Ghana,7.855067085,65.04080963,49.77878626,0.406162808,10.70756812,71.13607628,7.8,29.47671798,45.90109781,1312.607557,240.439,277.907,33.333,9.148,50.2,60.924,4.273,2.512829739,50.713
GIN,Guinea,1.477072352,25.81767082,75.70907041,0.2412015,15.46198107,37.05704098,1,31.79245291,30.6580141,635.6714852,275.2,306.4,38.588,11.147,69.8,56.765,5.336,2.226211614,34.856
GMB,"Gambia, The",3.902156218,40.19713593,54.70514883,0.255713888,5.048936576,87.36506064,9.2,23.78364065,42.71516514,562.4825159,248.045,301.885,42.116,9.03,48.6,59.622,5.707,3.157140562,56.297
GNB,Guinea-Bissau,3.084783972,6,87.80712886,0.153196262,2.517851402,43.53581253,2.45,19.91415288,35.23607957,546.7216686,262.69,312.55,39.254,11.993,72.4,55.05,5.049,2.501132548,45.221
GNQ,Equatorial Guinea,16.77450655,65.45861816,5.951101818,4.919642857,7.78916548,41.98173912,6,85.7584332,58.9097918,17136.44568,308.53,351.039,37.418,11.361,78.7,55.908,5.209,4.51562162,39.223
GRC,Greece,0.178275809,100,11.09298261,7.540183868,4.712981576,107.3974369,44.4,22.10220512,30.72689281,26917.75898,45.639,107.364,10.3,9.8,3.2,80.38780488,1.48,0.128880433,76.292
GRD,Grenada,7.836526067,89.57085419,10.49634586,2.487241705,3.436509059,116.4974159,27,23.8337789,49.22974878,7365.666659,106.121,196.69,19.447,7.448,12.9,72.618,2.24,0.364640812,35.681
GTM,Guatemala,2.045541684,84.20420837,66.58523597,0.797292859,3.859509098,123.4959332,10.5,25.80562844,36.30927006,2825.52407,125.029,230.167,27.688,5.145,29.1,71.494,3.375,2.171039571,49.323
GUM,Guam,9.068878034,100,0,1.096408647,3.247588424,54.96118512,54.04,17.28294178,55.546476,30700.43401,52.481,89.614,17.669,4.785,23.22390234,78.134,2.472,0.133678532,94.099
GUY,Guyana,8.710092329,80.25813293,33.84141565,2.303675813,2.086666667,75.06429524,29.9,51.38471841,79.10716986,3044.949129,176.41,256.887,21.056,7.873,30.7,66.022,2.655,0.115664356,28.239
HKG,"Hong Kong SAR, China",36.17476202,100,0.834900884,5.791126534,2.25,196.3458374,72,205.3225974,199.4479636,32549.99823,38.216,73.205,12.6,6,13.5,82.97804878,1.127,0.734446396,100
HND,Honduras,3.060965495,80.984668,53.15536469,0.973269197,4.700549929,115.9893654,11.09,45.7589062,63.68293204,1932.85829,127.292,180.532,24.655,4.86,19.9,72.446,2.871,1.968750939,51.696
HRV,Croatia,2.386823306,100,29.77504731,4.566131051,1.030555053,113.867324,56.55,37.73744278,38.16018769,13505.74586,60.026,143.178,9.8,11.8,4.7,76.47560976,1.55,-0.255390216,57.537
HTI,Haiti,2.687789865,35.93851852,79.02484324,0.212694146,5.696511023,40.00153206,8.37,15.34208397,64.74909347,662.2795182,231.035,293.377,26.659,9.23,85.2,61.296,3.325,1.478400896,52.016
HUN,Hungary,-15.98921955,100,13.45602883,5.022311649,4.881345076,120.9913032,65,81.82944035,76.52325751,13092.23376,94.864,218.889,9,13,5.1,74.20731707,1.25,-0.226013876,68.859
IDN,Indonesia,2.025179138,94.15,37.75342034,1.767907879,5.1327549,87.12132731,10.92,24.29903094,22.40224294,3113.480635,154.894,213.184,20.862,7.115,27.5,68.15,2.483,1.321404942,49.924
IND,India,1.653785022,76.3,39.48150873,1.397008906,11.99229692,61.10493897,7.5,22.5904459,27.09844535,1345.770153,157.929,225.258,21.408,7.534,45.5,66.625,2.601,1.366797957,30.93
IRL,Ireland,17.01437624,100,5.273538143,8.783613934,-0.946166395,101.6111338,69.85,103.1109135,86.47925732,48671.88829,50.789,86.762,16.5,6.1,3.5,80.74390244,2.05,0.544884384,61.84
IRN,"Iran, Islamic Rep.",0.749168626,99.12870789,0.897453786,7.684728662,10.13714717,72.4870165,15.9,24.39965328,19.37099045,6531.92743,76.814,131.23,18.347,4.93,16.5,73.932,1.765,1.187084256,70.626
IRQ,Iraq,1.00796494,98.48660278,1.709637055,3.647128775,2.877747253,75.62537503,2.5,39.41682921,34.08065041,4502.749048,135.99,215.885,34.891,5.578,30.2,68.465,4.562,2.86233481,69.034
ISL,Iceland,1.930669536,100,75.41969184,6.168528586,5.393595958,106.4774231,93.39,53.44150906,43.28708936,41851.73548,36.335,70.518,15.4,6.4,2,81.89756098,2.2,-0.143903,93.624
ISR,Israel,2.989903809,100,8.503355,9.035223254,2.69295911,122.6912241,67.5,34.99117297,32.89973496,30642.94062,42.947,77.069,21.8,5.2,3.7,81.60243902,3.03,1.82675241,91.824
ITA,Italy,0.467633055,100,12.794093,6.83837457,1.539893392,156.8163246,53.68,25.18821114,27.15738624,35849.3732,40.159,73.011,9.5,9.9,3.4,82.03658537,1.46,0.307591222,68.327
JAM,Jamaica,1.408282447,92.7145462,13.71996666,2.590268386,12.60950824,112.948449,27.67,31.33784916,49.58921163,4682.521248,105.783,174.132,17.794,6.862,15.6,74.883,2.173,0.467082082,53.743
JOR,Jordan,6.38929091,99.57345581,2.973125599,2.948961557,5.013941643,92.1698766,27.2,49.95836941,40.24628087,3679.190275,98.4,132.986,28.975,3.867,18,73.412,3.663,5.160910192,82.473
JPN,Japan,0.130541249,100,4.585529562,9.148316038,-0.719979429,95.90457309,78.21,15.03675698,13.57625073,44507.67639,41.383,82.682,8.5,9.5,2.4,82.84268293,1.39,0.017960542,90.522
KAZ,Kazakhstan,5.036306283,99.63712311,1.382363385,15.22825883,7.115813597,118.3159241,31.6,44.2441795,29.8940864,9070.649972,137.893,336,22.54,8.97,19.1,68.29536585,2.6,1.412240469,53.732
KEN,Kenya,0.445165309,19.2,76.27312323,0.294423102,3.961388891,60.3840368,7.2,20.65720485,33.57024151,967.3400773,245.325,318.03,35.091,7.273,42.5,62.936,4.373,2.728405712,23.571
KGZ,Kyrgyz Republic,9.860930707,99,25.59478777,1.171873015,7.967722256,97.29157373,16.3,51.55432268,81.67852782,880.0377751,123.804,273.822,26.8,6.6,26.1,69.3,3.1,1.192864429,35.303
KHM,Cambodia,11.938522,31.1,68.51846752,0.350330567,3.99623008,56.96353418,1.26,54.08278279,59.52093544,785.6928841,164.488,224.738,25.503,6.512,37.8,66.555,2.875,1.539045133,19.81
KIR,Kiribati,-4.307572372,63.16773671,3.464604798,0.607284807,3.789836348,10.32127966,9.07,13.31580705,79.89484229,1493.16051,166.838,247.719,29.463,7.134,48.2,65.354,3.843,2.051051135,43.773
KNA,St. Kitts and Nevis,16.49162343,97.75255585,0.992490943,4.276800467,0.50550031,155.5058801,63,30.09868185,52.10201091,13704.25445,98.6988369,185.4704065,18.35120282,5.798147606,9.8,74.22200287,2.190586012,1.092543922,31.806
KOR,"Korea, Rep.",0.867739218,100,1.314953503,11.43631663,2.939181359,102.4506883,83.7,49.41949312,46.23459268,22086.95292,42.825,104.285,9.4,5.1,3.5,80.11707317,1.226,0.498225084,81.936
KWT,Kuwait,1.130339826,100,0,29.89415136,4.496402878,132.7229766,61.4,66.67351893,30.35451388,38497.61696,61.508,96.781,19.616,2.545,9.2,73.979,2.215,6.16125114,98.263
LAO,Lao PDR,3.91153219,70.24311066,71.50857939,0.262420284,5.982348385,64.0925294,7,35.38402604,49.33631185,1141.127115,195.219,238.84,26.715,7.366,58.5,64.357,3.149,1.520204203,33.123
LBN,Lebanon,11.13982933,99.94880676,5.203632044,4.622282052,3.989841464,66.02653684,43.68,35.79364081,60.23514133,8858.283977,56.078,79.325,13.535,4.6,8.8,78.43,1.614,3.61493897,87.183
LBR,Liberia,34.99213602,5.146131039,89.2054669,0.200619788,7.291036635,39.79884122,2.3,19.13907751,92.63535131,327.4205097,248.248,286.636,37.167,9.348,65.2,59.631,5.023,3.521062406,47.801
LBY,Libya,2.385873758,98.55153656,1.568330806,10.04374986,2.799895001,176.6858914,14,65.6049745,42.09748424,12120.56217,100.697,170.062,21.434,4.909,14.2,71.643,2.412,0.782530354,77.642
LCA,St. Lucia,8.777117114,94.2,2.204035523,2.33729285,3.250344092,114.8522424,32.5,44.05808163,56.97850487,8007.696484,115.55,174.587,13.028,6.896,13.5,74.465,1.538,0.906869388,18.45
LKA,Sri Lanka,0.841873473,85.3,61.84228066,0.656664382,6.217648893,85.94419555,12,19.5523217,26.81156867,2808.434185,78.778,202.075,17.513,6.489,9.7,74.352,2.203,0.612152267,18.321
LSO,Lesotho,0.398470154,18.93547249,53.44923217,1.115976518,3.597811021,48.39124335,3.86,39.44919522,101.1144444,1169.267842,508.157,588.836,28.528,14.383,75.3,50.826,3.303,1.051401886,24.753
LTU,Lithuania,2.33111629,100,21.45765236,4.348616303,1.319184445,156.5713011,62.12,65.34215138,67.21963067,11984.86857,98.082,284.36,9.9,13.6,4.9,73.26829268,1.5,-2.09694342,66.757
LUX,Luxembourg,73.53262074,100,3.659683026,21.6351358,2.273404833,143.1415132,90.62,174.52309,141.6383102,104965.3061,53.958,94.144,11.6,7.4,2.3,80.63170732,1.63,1.825405804,88.547
LVA,Latvia,1.83308293,100,33.06400041,3.849593455,-1.070663812,108.8374437,68.42,53.65732441,55.13166243,11326.21947,107.834,278.927,9.4,14.3,6.6,73.48292683,1.36,-2.08130509,67.692
MAC,"Macau SAR, China",12.90471027,100,5.811880139,2.622363675,2.809706258,208.999216,55.198,87.79032308,32.65393178,52374.79445,28.711,68.677,9.858,3.676,13.5,82.704,1.061,2.194608931,100
MAR,Morocco,1.330904482,90.81171417,14.40785881,1.726598065,0.987355331,98.68137994,52,32.23301862,43.01461592,2834.20472,75.816,90.081,21.289,5.308,28.8,73.999,2.578,1.303574435,57.684
MDA,Moldova,4.923253502,99.9860611,8.440061982,1.384630177,7.352251206,62.44592642,32.3,39.22521538,78.54521485,1631.535832,120.88,273.194,11.058,11.786,14.7,69.616,1.274,-0.099864634,44.886
MDG,Madagascar,9.275065794,16.90373993,81.93107572,0.09257807,9.247321736,36.45921073,1.7,24.9740999,43.04859427,412.7309341,218.323,267.488,35.204,7.374,43.1,63.388,4.603,2.792647324,31.929
MDV,Maldives,8.363764319,97.11832428,1.164190484,2.56531353,6.149885368,135.6203242,26.53,77.56179334,65.42071343,7100.405909,63.467,89.019,19.816,3.395,11.3,76.112,2.229,2.784556248,39.984
MEX,Mexico,2.003809626,99.236696,9.359977543,3.957657664,4.156727837,77.89321334,31.05,29.87165087,31.07488392,8959.581416,84.834,150.524,19.992,4.676,14.8,76.096,2.341,1.558042447,77.825
MKD,"Macedonia, FYR",3.204382649,99.65153503,22.3303036,4.154450175,1.508268832,103.9930672,51.9,39.78975339,58.09131572,4542.904104,74.393,137.762,11.09,9.522,9.2,74.632,1.465,0.079520139,56.992
MLI,Mali,3.479525704,25.39828682,69.12568403,0.063974498,1.108926907,49.35549617,2,22.83717018,35.14812706,708.3707632,276,295.666,46.359,12.481,79.5,55.249,6.547,3.15701051,35.996
MLT,Malta,105.7851974,100,1.387207134,6.174949579,1.516833766,109.4852323,63,153.2555497,154.1662247,21087.79469,43.796,75.889,9.4,7.3,5.9,81.39756098,1.36,0.491182811,94.665
MMR,Myanmar,1.818972023,48.8,84.40455649,0.249531401,7.718381959,1.184307424,0.25,0.109123505,0.065879666,987.7365832,178.967,238.266,19.855,8.276,49.3,65.178,2.41,0.710723544,31.405
MNE,Montenegro,18.3225975,99.72993469,49.09400765,4.167664361,0.65494657,187.4144021,37.5,37.04440512,62.73592121,6682.281158,78.873,142.35,12.565,10.04,6.2,75.28,1.767,0.183239906,63.096
MNG,Mongolia,23.52633713,78.50208044,4.348320566,5.094989402,10.14963142,92.54677161,10.2,46.67898258,56.67104907,2650.353648,146.281,314.025,24.609,6.57,22,67.383,2.637,1.648857385,67.567
MOZ,Mozambique,12.39337768,17.25792313,91.30460426,0.112940682,12.70123982,29.82558609,4.17,31.51021633,46.2213269,419.2258149,348.482,415.685,41.491,12.006,70.1,54.7,5.562,2.921289164,30.955
MRT,Mauritania,3.005028912,32.65188217,33.9988157,0.61971003,6.283540874,76.90862805,4,50.74469613,61.17551042,1203.383663,189.2,234.8,36.191,8.521,62.1,61.997,4.983,2.902324351,56.682
MUS,Mauritius,4.298002643,98.60122681,13.658429,3.132082534,2.892968717,95.4281204,28.33,51.23767279,62.21940076,8000.376432,99.578,203.255,12,7.3,13.3,72.96731707,1.57,0.237886693,40.579
MWI,Malawi,1.393882891,8.7,79.47031403,0.075433298,7.411590929,20.55346789,2.26,22.78704154,34.86045203,458.8681744,336.012,444.471,40.321,9.844,57.4,57.263,5.308,3.028794456,15.54
MYS,Malaysia,4.268590275,99.28923035,3.819042295,7.771554746,1.710037175,120.4409218,56.3,86.93029507,71.01446982,9071.356987,88.928,165.719,17.263,4.691,6.8,74.21,2.149,1.819602176,70.912
NAC,North America,1.744373606,100,9.069901538,17.26991958,1.708457492,90.71308597,72.5503538,13.90763709,17.18782347,48289.7003,74.63980903,127.0799319,12.81163463,7.906245395,6.088603526,78.8046116,1.900166837,0.867298729,80.79198457
NAM,Namibia,2.545504269,45.37103653,26.37391934,1.427537652,4.874919876,89.73398308,11.6,47.7572842,60.65620705,5191.583081,379.886,445.061,30.011,9.881,40.5,58.189,3.605,1.676523708,41.616
NER,Niger,13.91706144,12.71824646,80.70682998,0.0714398,0.804073081,22.33483047,0.83,22.19825258,49.09193492,348.151511,253.062,281.462,50.034,11.786,62.4,56.838,7.487,3.794963183,17.559
NGA,Nigeria,1.632848805,48,86.7812381,0.57711138,13.72020184,55.05028776,11.5,25.26411563,17.38726927,2327.32067,359.82,392.538,41.344,14.306,81.1,50.847,5.839,2.668746857,43.48
NIC,Nicaragua,5.59334541,78.05745697,52.64110322,0.790571277,5.454855462,69.05608723,10,40.46711516,59.89694327,1526.497938,114.396,206.737,22.163,4.795,20.8,73.699,2.428,1.247650411,57.255
NLD,Netherlands,13.836826,100,3.873162742,11.01707086,1.275552568,114.9619098,90.72,71.95397712,63.59103232,50338.25483,54.901,74.177,11.1,8.2,3.8,80.70243902,1.79,0.512923101,87.061
NOR,Norway,5.041413472,100,56.42455578,12.2934545,2.399257688,114.6014289,93.39,39.7251998,28.4648918,87770.26684,50.096,79.588,12.6,8.5,2.6,80.99756098,1.95,1.24566618,79.102
NPL,Nepal,0.548294666,66.9937439,87.29244859,0.187128275,9.324000504,34.02847715,7.93,9.582536172,36.4023696,592.1835216,156.955,197.423,22.83,6.67,37.4,67.914,2.606,1.049160509,16.822
NZL,New Zealand,0.195323406,100,31.32269173,7.305005861,2.302025783,107.7787912,80.46,30.26053188,27.96588507,33691.34837,54.392,85.432,14.68,6.53,5.1,80.70243902,2.17,1.111726056,86.165
OMN,Oman,2.119062803,100,0,15.59053119,3.203396372,151.4447995,35.8278,65.6528051,41.21040646,19280.74735,75.76,121.47,21.978,2.799,10,75.694,2.901,5.352636277,75.161
PAK,Pakistan,1.13975303,89.81377411,46.7220403,0.946268168,13.88113926,58.15298907,8,13.51626785,19.35265873,1040.142268,152.708,185.625,30.175,7.767,73.6,65.134,3.855,2.079755347,36.598
PAN,Panama,8.815168827,86.85,19.93740572,2.515310074,3.491288726,182.430497,40.1,66.2757805,75.56125766,7937.259931,84.128,159.185,21.102,4.909,16.8,76.828,2.622,1.767745701,65.115
PER,Peru,5.730826615,88.123061,30.79721128,1.96073385,1.528320597,99.11996965,34.77,27.82616415,23.84664478,5022.493191,101.675,162.861,20.876,5.577,15.7,73.681,2.545,1.275008363,76.915
PHL,Philippines,0.536290787,84.03495026,28.81183559,0.905495625,3.789836348,88.71560124,25,34.80329202,36.61619824,2129.499247,145.29,267.76,24.845,6.174,24.9,68.32,3.158,1.619573147,45.255
PLW,Palau,1.464664495,98.58459473,0,12.36067416,3.789836348,70.89399121,28.95748204,51.44666788,76.42851805,8956.282364,140.9143036,211.491516,11.9,8.1,16.5,69.51435259,3.428559517,0.627268547,83.358
PNG,Papua New Guinea,0.201538417,19.5,55.2524869,0.670128424,6.013608936,26.85725677,1.28,30.5725972,27.09597065,2004.818112,202.59,267.219,29.942,7.272,49.8,64.634,3.985,2.288027985,13.019
POL,Poland,3.838225854,100,9.488623858,8.313376825,2.707452359,122.5155089,62.32,40.0551305,42.05319595,12597.86239,71.01,187.605,10.9,9.9,5.2,76.24634146,1.41,-0.285609122,60.892
PRI,Puerto Rico,3.032455396,100,0.573634039,2.761716874,3.859509098,78.94082185,45.3,62.67168665,41.48157554,26435.74019,60.557,156.806,11.3,7.833,19.1,78.40817073,1.6235,-0.506170057,93.825
PRT,Portugal,3.54832691,100,27.82797757,4.552752646,1.402572899,114.6264462,53.3,29.87325191,37.43159749,22538.65408,50.998,121.289,9.6,10,3.1,79.02682927,1.39,0.045910037,60.567
PRY,Paraguay,2.773486544,97.43086,64.249376,0.820810138,4.651162791,95.34581764,19.8,55.09823825,51.48664094,3225.591754,131.067,171.761,22.422,5.581,20.4,72.285,2.73,1.329925612,58.487
PSE,West Bank and Gaza,2.013978512,99.9,14.06476868,0.534014834,3.749157276,64.01995265,37.4,15.34034174,59.06250351,2344.362901,104.32,146.612,33.446,3.601,19.5,72.444,4.419,2.898628666,74.136
QAT,Qatar,3.73261156,100,0,40.74201765,-2.425256752,122.8564638,69,62.3196826,23.75060735,70306.22784,49.979,69.247,11.486,1.534,7.7,77.301,2.07,11.22068633,98.655
ROU,Romania,1.912960935,100,24.09570704,3.922213561,6.094215787,119.176059,39.93,32.30179903,38.44277312,8297.483621,87.043,203.062,10.5,12.8,9.7,73.45853659,1.59,-0.593959184,53.829
RUS,Russian Federation,2.830829818,100,3.342748397,11.69434812,6.852353956,166.037583,43,29.21558677,21.13996351,10674.98771,136.517,365.664,12.5,14.2,8.6,68.84121951,1.567,0.04488739,73.687
RWA,Rwanda,4.338493947,9.7,90.65552908,0.057616483,2.309146191,34.6327288,8,12.02851203,29.99703,563.4910487,221.926,271.344,35.314,7.654,43.9,63.14,4.515,2.66424148,23.952
SAS,South Asia,1.545553136,75.11751924,41.5887595,1.207519099,7.581529777,58.6801037,7.205783791,21.13072451,26.3052066,1252.227962,153.9820537,215.3078784,22.59714446,7.360384428,49,66.8267569,2.744213453,1.439535031,30.98270795
SAU,Saudi Arabia,5.534325671,100,0.006254908,18.9053425,5.343137255,188.0149645,41,49.56979004,32.98003763,19259.58726,84.85,104.216,22.018,3.572,13.5,73.574,2.96,2.825937772,82.084
SDN,Sudan,3.144296497,35.47529984,61.44174976,0.345245386,13.24539414,52.61807267,16.7,19.74349819,17.23211117,1476.478087,210.42,270.074,35.47,8.205,51.3,62.62,4.876,2.161697761,33.08
SEN,Senegal,2.09923268,54.15758896,50.26046684,0.599610304,1.228681197,64.59870756,8,24.87802754,40.26636355,1002.52994,182,241.8,38.243,7.321,42.9,64.177,5.063,2.869085205,42.23
SGP,Singapore,23.29559647,100,0.475165157,10.96040878,2.8,145.5308093,71,199.7474571,173.6970745,46569.67951,43.006,74.486,9.3,4.4,2.2,81.54146341,1.15,1.771832879,100
SLB,Solomon Islands,24.70585458,32.03585815,63.48961794,0.375183312,1.051481633,21.88370375,5,50.03731536,82.3129062,1272.448025,149.863,188.201,32.47,5.477,23.6,68.572,4.235,2.243862278,20.048
SLE,Sierra Leone,9.111181063,11.46217307,84.17509258,0.112416392,16.63522383,30.96588798,0.58,16.54730779,33.97410504,405.1284018,420.331,429.875,39.563,15.45,106.7,48.224,5.202,2.325427561,38.241
SLV,El Salvador,-0.5283357,91.580238,30.76614291,1.047522915,0.907806937,124.9116491,15.9,25.92433677,42.84395655,3474.392445,112.281,278.597,19.62,6.584,16.5,71.902,2.265,0.444647422,64.286
SRB,Serbia,4.29122045,99.718398,20.59508764,6.302577983,6.142553602,136.0150378,40.9,32.93254567,47.92145644,5411.877404,84.965,161.034,9.4,14.2,6.6,74.33658537,1.4,-0.402005901,55.208
SSD,South Sudan,3.435663654,1.5,51.76942764,0.833550528,1.169621803,14.89988469,5.971161397,61.43448276,29.50896552,1562.239346,342.323,370.229,38.336,12.76,71.5,53.655,5.376,4.018453648,17.855
STP,Sao Tome and Principe,25.62621491,59.92104721,43.75954955,0.566490823,13.34005235,58.7780931,18.75,6.988944662,31.79245291,1129.754961,170.985,224.989,36.671,7.359,33.4,65.875,4.788,2.293576315,61.907
SUR,Suriname,-5.670270825,91.19751586,24.54433933,4.565427302,6.944787295,99.0615906,31.59,52.54731927,38.41407488,8303.31332,128.278,231.019,19.613,7.111,21.4,70.335,2.52,1.047852281,66.344
SVK,Slovak Republic,2.365847361,100,10.27973566,6.721959562,0.957018133,109.6352641,75.71,76.33525779,77.78780202,16600.61359,68.807,175.133,11.2,9.9,5.8,75.11219512,1.43,0.093191273,54.685
SVN,Slovenia,0.664509447,100,19.50475385,7.485854369,1.840965347,103.7543126,70,64.28811476,62.85321541,23437.47202,51.815,120.57,10.9,9.1,2.6,79.42195122,1.57,0.436079485,50.04
SWE,Sweden,0.127995639,100,45.97780593,5.547348052,1.157988027,117.0629429,90,46.18519236,40.71765463,52076.25591,43.111,71.854,12.3,9.6,2.5,81.45121951,1.98,0.852524629,85.056
SWZ,Swaziland,3.056255589,45.55233761,62.68198971,0.862756819,4.509236918,60.3405432,11.04,46.47111338,59.57814327,3690.239228,440.212,575.398,31.305,12.588,65.1,51.598,3.527,1.860161258,21.492
SYC,Seychelles,16.47482808,97,0.625464048,4.942709146,-2.404638751,128.6439473,41,93.79878086,108.0818232,10804.68447,96.094,247.861,16.8,7.4,12.4,73.19756098,2.17,2.792329069,52.319
SYR,Syrian Arab Republic,3.435663654,92.7,1.410584971,2.930971337,4.397413832,55.64533218,20.7,35.56268252,35.62297426,1466.468021,84.892,233.46,25.963,4.457,14,72.108,3.21,0.926984295,55.677
TCD,Chad,2.936842259,6.4,90.78835503,0.043496106,-2.077865746,24.18823202,1.7,36.8456059,43.54510339,896.5697341,363.194,401.149,46.68,15.131,85,50.233,6.592,3.287309231,21.983
TGO,Togo,3.937735235,30.79174368,65.82542063,0.40600638,1.834169331,40.01694923,3,40.16387027,57.30900097,487.9238913,284.195,316.599,37.201,10.165,59,57.465,4.868,2.688142871,37.533
THA,Thailand,4.3232062,99.7,22.65487764,4.19478194,3.247588424,106.7215773,22.4,66.48613625,60.76431575,5075.302176,104.838,215.513,11.806,7.284,12.8,73.923,1.547,0.487642631,44.08
TJK,Tajikistan,1.407467149,99.46128082,61.8343249,0.33303078,6.419565094,77.74312549,11.55,15.34433705,52.6103452,738.3475227,113.604,173.818,30.079,5.485,44.5,69.644,3.507,2.233862708,26.516
TKM,Turkmenistan,16.08411019,100,0.072192893,11.26148537,6.281059348,62.85614315,3,76.31547077,44.47504242,4439.203,140.792,260.71,25.405,7.214,51.8,66.657,2.833,1.570289696,48.402
TLS,Timor-Leste,3.391413995,38,34.68922929,0.211508565,6.765976802,42.63012227,3,9.87254025,124.0831843,806.0627745,146.054,182.219,38.202,5.988,52.3,67.313,6.234,1.596137105,29.507
TON,Tonga,2.431059942,92.26165009,1.00787071,1.126823319,3.534912023,52.14285028,16,12.41293316,60.25269649,3548.068399,108.525,175.891,27.084,6.147,14.9,72.173,3.913,0.513140083,23.389
TTO,Trinidad and Tobago,2.47947143,99.29836273,0.334349645,36.09293276,10.54738949,142.6278142,48.5,54.66725713,31.09555221,16683.94578,129.524,224.726,15.201,9.049,19.9,69.756,1.806,0.489260588,9.092
TUN,Tunisia,3.029442784,99.5,12.68783984,2.59965793,4.416268965,104.4575007,36.8,49.4973396,54.6517695,4140.15177,74.428,122.281,18.243,6.239,14.9,74.793,2.144,1.116147221,65.934
TUR,Turkey,1.178815078,100,14.32649611,4.120214807,8.566444206,85.40338801,39.82,20.44880782,25.4504091,10672.05482,78.574,153.723,17.956,5.849,16.4,74.154,2.155,1.375055869,70.715
TZA,Tanzania,5.77306825,14.8,90.3162285,0.154161892,6.200155956,45.51951056,2.9,18.74641327,29.12998381,701.6045501,284.385,348.677,41.112,8.633,47.6,60.893,5.427,3.16094056,28.114
UGA,Uganda,2.694240313,14.76937103,91.60617339,0.1155833,3.976552885,37.82460178,12.5,17.13179695,28.5880247,595.2061732,317.72,392.725,45.179,10.125,52.7,57.153,6.154,3.429002764,14.492
UKR,Ukraine,4.742923548,99.94507599,2.882713434,6.641349685,9.378589479,117.7678197,23.3,47.05340086,51.08667656,2965.142365,118.277,309.241,10.8,15.2,10.1,70.26536585,1.443,-0.397285236,68.686
URY,Uruguay,5.43898761,98.98948669,52.8186125,1.893043387,6.676386868,131.4941405,46.4,26.34299454,25.35604265,11938.212,80.445,142.963,14.757,9.248,9.1,76.588,2.078,0.346139748,94.414
USA,United States,1.733076403,100,7.505172055,17.44161513,1.640043442,92.37840689,71.69,12.37830094,15.80415135,48373.87882,77.137,131.851,13,7.995,6.2,78.54146341,1.931,0.836421536,80.772
UZB,Uzbekistan,4.160522695,99.98669434,2.64349718,3.647048882,6.281059348,73.24262276,15.9,31.65988666,28.51337302,1377.08214,114.269,198.049,22.7,4.9,31.7,70.005,2.342,2.822849683,36.191
VCT,St. Vincent and the Grenadines,14.27105163,93.22228241,5.486490891,2.012715547,1.480573011,120.5607648,33.7,26.89052814,57.1289148,6231.770232,135.408,188.185,17.094,7.114,18.7,72.327,2.07,0.056732918,48.785
VEN,"Venezuela, RB",0.40260364,98.80784607,11.43601466,6.513376914,28.18746471,96.04554329,37.37,28.53040699,17.60648654,13545.20584,94.207,202.214,20.783,5.342,14.7,73.625,2.472,1.529865044,88.769
VIR,Virgin Islands (U.S.),1.733076403,100,0,17.44161513,1.640043442,92.37840689,31.22,298.3406315,284.9734962,40043.19017,52.152,84.51,14.8,6.6,6.2,77.96585366,2.3,-0.043365335,94.594
VNM,Vietnam,6.9006118,97.59113312,34.79589882,1.613359582,8.861600361,126.1071925,30.65,72.00235607,80.2150125,1310.370273,69.552,192.918,17.473,5.709,18.6,75.117,1.946,1.030588221,30.392
VUT,Vanuatu,9.005281512,36.89836502,38.37573943,0.512118327,2.809293259,71.91646036,8,46.62651667,52.7388385,2965.802434,119.247,169.616,27.486,4.89,24.4,70.721,3.498,2.359448324,24.589
WSM,Samoa,-0.205984923,96.60601044,46.75466992,1.004360785,0.777007269,48.33382562,7,29.217341,53.12181817,3453.434298,95.78,162.335,27.91,5.281,16.2,73.122,4.338,0.743337538,20.078
YEM,"Yemen, Rep.",0.610357927,63.13428116,0.963571052,0.992601744,11.17483386,46.95685083,12.35,29.99507756,34.39055922,1309.23196,212.045,258.094,34.548,7.088,43.8,63.508,4.674,2.713033863,31.732
ZAF,South Africa,0.984090081,82.9,17.07980233,9.190698716,4.257415985,97.64917918,24,28.61523693,27.37375583,7275.382112,388.943,509.854,22.51,12.997,37.3,55.888,2.588,1.197112674,62.218
ZMB,Zambia,8.53319779,22,92.10429746,0.194337299,8.501761334,39.32836117,10,37.02593917,30.87499061,1463.213573,344.897,420.842,40.361,10.144,53.6,56.588,5.397,2.883152266,38.725
ZWE,Zimbabwe,1.208719803,36.06305695,82.8795412,0.552146242,3.034478884,54.66297543,6.4,35.19329313,63.50190405,719.979517,484.444,533.732,36.02,11.838,58,52.975,4.028,1.976755984,33.196
